station_name,lat,lng,line,prefecture
東京,35.681391,139.766103,JR中央線,東京都
神田,35.691173,139.770641,JR中央線,東京都
御茶ノ水,35.699604,139.764955,JR中央線,東京都
水道橋,35.702039,139.754312,JR中央線,東京都
飯田橋,35.701835,139.745143,JR中央線,東京都
市ケ谷,35.691105,139.735241,JR中央線,東京都
四ツ谷,35.686041,139.730644,JR中央線,東京都
信濃町,35.680031,139.720729,JR中央線,東京都
千駄ケ谷,35.681231,139.711644,JR中央線,東京都
代々木,35.683061,139.702042,JR中央線,東京都
新宿,35.689729,139.700464,JR中央線,東京都
大久保,35.700784,139.69732,JR中央線,東京都
東中野,35.706529,139.684436,JR中央線,東京都
中野,35.705765,139.665835,JR中央線,東京都
高円寺,35.705327,139.649664,JR中央線,東京都
阿佐ケ谷,35.704818,139.635868,JR中央線,東京都
荻窪,35.704523,139.620109,JR中央線,東京都
西荻窪,35.703842,139.599361,JR中央線,東京都
吉祥寺,35.703119,139.579765,JR中央線,東京都
三鷹,35.702683,139.560325,JR中央線,東京都
武蔵境,35.702083,139.543402,JR中央線,東京都
東小金井,35.701643,139.524837,JR中央線,東京都
武蔵小金井,35.701337,139.506483,JR中央線,東京都
国分寺,35.700123,139.480841,JR中央線,東京都
西国分寺,35.699744,139.465994,JR中央線,東京都
国立,35.69923,139.44634,JR中央線,東京都
立川,35.698202,139.413704,JR中央線,東京都
日野,35.679244,139.39393,JR中央線,東京都
豊田,35.659502,139.381495,JR中央線,東京都
八王子,35.655555,139.338998,JR中央線,東京都
西八王子,35.656621,139.31264,JR中央線,東京都
高尾,35.642026,139.282288,JR中央線,東京都
相模湖,35.617335,139.1885,JR中央本線,神奈川県
藤野,35.615918,139.15239,JR中央本線,神奈川県
上野原,35.618747,139.115787,JR中央本線,山梨県
四方津,35.614252,139.072572,JR中央本線,山梨県
梁川,35.605271,139.038076,JR中央本線,山梨県
鳥沢,35.608118,139.003345,JR中央本線,山梨県
猿橋,35.61288,138.968388,JR中央本線,山梨県
大月,35.613222,138.942729,JR中央本線,山梨県
初狩,35.594274,138.883966,JR中央本線,山梨県
笹子,35.603921,138.825205,JR中央本線,山梨県
甲斐大和,35.639364,138.781632,JR中央本線,山梨県
勝沼ぶどう郷,35.67279,138.74323,JR中央本線,山梨県
塩山,35.705327,138.734796,JR中央本線,山梨県
東山梨,35.694313,138.703026,JR中央本線,山梨県
山梨市,35.684961,138.683003,JR中央本線,山梨県
春日居町,35.673491,138.659,JR中央本線,山梨県
石和温泉,35.657603,138.634577,JR中央本線,山梨県
酒折,35.659486,138.598852,JR中央本線,山梨県
甲府,35.667054,138.569015,JR中央本線,山梨県
竜王,35.668764,138.519298,JR中央本線,山梨県
塩崎,35.687734,138.487521,JR中央本線,山梨県
韮崎,35.709711,138.451357,JR中央本線,山梨県
新府,35.736802,138.433093,JR中央本線,山梨県
穴山,35.75107,138.413858,JR中央本線,山梨県
日野春,35.79065,138.394316,JR中央本線,山梨県
長坂,35.827061,138.366459,JR中央本線,山梨県
小淵沢,35.863808,138.316351,JR中央本線,山梨県
信濃境,35.884952,138.275419,JR中央本線,長野県
富士見,35.912183,138.238071,JR中央本線,長野県
すずらんの里,35.930288,138.211775,JR中央本線,長野県
青柳,35.942581,138.197612,JR中央本線,長野県
茅野,35.995062,138.151674,JR中央本線,長野県
上諏訪,36.046618,138.116306,JR中央本線,長野県
下諏訪,36.071949,138.084953,JR中央本線,長野県
岡谷,36.056693,138.045001,JR中央本線,長野県
みどり湖,36.094176,137.981928,JR中央本線,長野県
塩尻,36.114364,137.947961,JR中央本線,長野県
洗馬,36.087164,137.916842,JR中央本線,長野県
日出塩,36.049004,137.894804,JR中央本線,長野県
贄川,36.014008,137.86091,JR中央本線,長野県
木曽平沢,35.979108,137.832613,JR中央本線,長野県
奈良井,35.969476,137.816195,JR中央本線,長野県
藪原,35.930152,137.784368,JR中央本線,長野県
宮ノ越,35.888337,137.763794,JR中央本線,長野県
原野,35.871245,137.741536,JR中央本線,長野県
木曽福島,35.843669,137.69343,JR中央本線,長野県
上松,35.784068,137.693283,JR中央本線,長野県
倉本,35.732939,137.714338,JR中央本線,長野県
須原,35.69769,137.694844,JR中央本線,長野県
大桑,35.684477,137.664224,JR中央本線,長野県
野尻,35.673042,137.636152,JR中央本線,長野県
十二兼,35.645418,137.617569,JR中央本線,長野県
南木曽,35.598896,137.608672,JR中央本線,長野県
田立,35.588281,137.54893,JR中央本線,長野県
坂下,35.574218,137.531094,JR中央本線,岐阜県
落合川,35.525116,137.530034,JR中央本線,岐阜県
中津川,35.50036,137.502867,JR中央本線,岐阜県
美乃坂本,35.479286,137.450364,JR中央本線,岐阜県
恵那,35.455063,137.407764,JR中央本線,岐阜県
武並,35.437938,137.35417,JR中央本線,岐阜県
釜戸,35.411103,137.30501,JR中央本線,岐阜県
瑞浪,35.369081,137.252017,JR中央本線,岐阜県
土岐市,35.359708,137.182082,JR中央本線,岐阜県
多治見,35.334774,137.120294,JR中央本線,岐阜県
古虎渓,35.302955,137.101011,JR中央本線,岐阜県
定光寺,35.278015,137.080981,JR中央本線,愛知県
高蔵寺,35.26434,137.043766,JR中央本線,愛知県
神領,35.256234,137.010006,JR中央本線,愛知県
春日井,35.243139,136.985307,JR中央本線,愛知県
勝川,35.22982,136.956285,JR中央本線,愛知県
新守山,35.207283,136.951207,JR中央本線,愛知県
大曽根,35.191508,136.937161,JR中央本線,愛知県
千種,35.170168,136.930665,JR中央本線,愛知県
鶴舞,35.156416,136.917436,JR中央本線,愛知県
金山,35.142928,136.900517,JR中央本線,愛知県
名古屋,35.170694,136.881637,JR中央本線,愛知県
拝島,35.721278,139.343468,JR五日市線,東京都
熊川,35.728321,139.33584,JR五日市線,東京都
東秋留,35.725904,139.311665,JR五日市線,東京都
秋川,35.727998,139.286715,JR五日市線,東京都
武蔵引田,35.729711,139.269907,JR五日市線,東京都
武蔵増戸,35.730961,139.256355,JR五日市線,東京都
武蔵五日市,35.732248,139.228039,JR五日市線,東京都
大宮,35.906439,139.62405,JR京浜東北線,埼玉県
さいたま新都心,35.893867,139.633587,JR京浜東北線,埼玉県
与野,35.884393,139.639085,JR京浜東北線,埼玉県
北浦和,35.872053,139.645951,JR京浜東北線,埼玉県
浦和,35.858496,139.657109,JR京浜東北線,埼玉県
南浦和,35.847648,139.669125,JR京浜東北線,埼玉県
蕨,35.827959,139.690357,JR京浜東北線,埼玉県
西川口,35.815514,139.704312,JR京浜東北線,埼玉県
川口,35.801869,139.717472,JR京浜東北線,埼玉県
赤羽,35.778026,139.720928,JR京浜東北線,東京都
東十条,35.763803,139.726858,JR京浜東北線,東京都
王子,35.752538,139.73809,JR京浜東北線,東京都
上中里,35.74728,139.745769,JR京浜東北線,東京都
田端,35.737781,139.761229,JR京浜東北線,東京都
西日暮里,35.731954,139.766857,JR京浜東北線,東京都
日暮里,35.727908,139.771287,JR京浜東北線,東京都
鶯谷,35.721484,139.778015,JR京浜東北線,東京都
上野,35.71379,139.777043,JR京浜東北線,東京都
御徒町,35.707282,139.774727,JR京浜東北線,東京都
秋葉原,35.698619,139.773288,JR京浜東北線,東京都
有楽町,35.675441,139.763806,JR京浜東北線,東京都
新橋,35.666195,139.758587,JR京浜東北線,東京都
浜松町,35.655391,139.757135,JR京浜東北線,東京都
田町,35.645737,139.747575,JR京浜東北線,東京都
高輪ゲートウェイ,35.635476,139.740651,JR京浜東北線,東京都
品川,35.62876,139.738999,JR京浜東北線,東京都
大井町,35.606257,139.73485,JR京浜東北線,東京都
大森,35.588903,139.728079,JR京浜東北線,東京都
蒲田,35.562517,139.716032,JR京浜東北線,東京都
川崎,35.531311,139.697485,JR京浜東北線,神奈川県
鶴見,35.508387,139.67614,JR京浜東北線,神奈川県
新子安,35.487064,139.654776,JR京浜東北線,神奈川県
東神奈川,35.47804,139.633466,JR京浜東北線,神奈川県
横浜,35.466195,139.622704,JR京浜東北線,神奈川県
八丁堀,35.674617,139.777705,JR京葉線,東京都
越中島,35.667946,139.792713,JR京葉線,東京都
潮見,35.658702,139.817341,JR京葉線,東京都
新木場,35.646172,139.827402,JR京葉線,東京都
葛西臨海公園,35.644392,139.861529,JR京葉線,東京都
舞浜,35.636115,139.883714,JR京葉線,千葉県
新浦安,35.649526,139.912553,JR京葉線,千葉県
市川塩浜,35.666554,139.923684,JR京葉線,千葉県
西船橋,35.707283,139.959536,JR京葉線,千葉県
二俣新町,35.691273,139.959525,JR京葉線,千葉県
南船橋,35.681804,139.995773,JR京葉線,千葉県
新習志野,35.667342,140.012825,JR京葉線,千葉県
幕張豊砂,35.657991,140.027061,JR京葉線,千葉県
海浜幕張,35.648373,140.041917,JR京葉線,千葉県
検見川浜,35.637291,140.058888,JR京葉線,千葉県
稲毛海岸,35.629501,140.074034,JR京葉線,千葉県
千葉みなと,35.606172,140.10341,JR京葉線,千葉県
蘇我,35.582065,140.130767,JR京葉線,千葉県
北八王子,35.669232,139.363348,JR八高線,東京都
小宮,35.685799,139.368481,JR八高線,東京都
東福生,35.745811,139.33594,JR八高線,東京都
箱根ヶ崎,35.771158,139.346805,JR八高線,東京都
金子,35.810822,139.328546,JR八高線,埼玉県
東飯能,35.852928,139.325965,JR八高線,埼玉県
高麗川,35.896328,139.33809,JR八高線,埼玉県
毛呂,35.940806,139.309237,JR八高線,埼玉県
越生,35.962559,139.299437,JR八高線,埼玉県
明覚,36.003309,139.288789,JR八高線,埼玉県
小川町,36.05903,139.260412,JR八高線,埼玉県
竹沢,36.075466,139.229952,JR八高線,埼玉県
折原,36.096296,139.195205,JR八高線,埼玉県
寄居,36.118013,139.194224,JR八高線,埼玉県
用土,36.153858,139.200758,JR八高線,埼玉県
松久,36.172938,139.182127,JR八高線,埼玉県
児玉,36.192624,139.13582,JR八高線,埼玉県
丹荘,36.216668,139.102306,JR八高線,埼玉県
群馬藤岡,36.250336,139.08338,JR八高線,群馬県
北藤岡,36.282469,139.080779,JR八高線,群馬県
倉賀野,36.300216,139.049474,JR八高線,群馬県
高崎,36.322239,139.012354,JR八高線,群馬県
尻手,35.530939,139.684233,JR南武線,神奈川県
矢向,35.539408,139.68055,JR南武線,神奈川県
鹿島田,35.551459,139.674964,JR南武線,神奈川県
平間,35.560564,139.671039,JR南武線,神奈川県
向河原,35.572891,139.66725,JR南武線,神奈川県
武蔵小杉,35.57669,139.65963,JR南武線,神奈川県
武蔵中原,35.581498,139.640613,JR南武線,神奈川県
武蔵新城,35.587369,139.629419,JR南武線,神奈川県
武蔵溝ノ口,35.598923,139.61139,JR南武線,神奈川県
津田山,35.604259,139.600002,JR南武線,神奈川県
久地,35.610363,139.592714,JR南武線,神奈川県
宿河原,35.615429,139.579565,JR南武線,神奈川県
登戸,35.620889,139.570028,JR南武線,神奈川県
中野島,35.630135,139.5501,JR南武線,神奈川県
稲田堤,35.633701,139.535173,JR南武線,神奈川県
矢野口,35.641305,139.520849,JR南武線,東京都
稲城長沼,35.644184,139.502811,JR南武線,東京都
南多摩,35.649249,139.489781,JR南武線,東京都
府中本町,35.665766,139.477142,JR南武線,東京都
分倍河原,35.668493,139.468798,JR南武線,東京都
西府,35.670912,139.457477,JR南武線,東京都
谷保,35.681377,139.446724,JR南武線,東京都
矢川,35.685079,139.431611,JR南武線,東京都
西国立,35.69375,139.423887,JR南武線,東京都
大崎,35.619772,139.728439,JR埼京線,東京都
恵比寿,35.646684,139.71007,JR埼京線,東京都
渋谷,35.658871,139.701238,JR埼京線,東京都
池袋,35.730256,139.711085,JR埼京線,東京都
板橋,35.745435,139.719507,JR埼京線,東京都
十条,35.760321,139.722233,JR埼京線,東京都
北赤羽,35.787007,139.70569,JR埼京線,東京都
浮間舟渡,35.791209,139.691341,JR埼京線,東京都
戸田公園,35.807906,139.678203,JR埼京線,埼玉県
戸田,35.817665,139.669548,JR埼京線,埼玉県
北戸田,35.826883,139.661201,JR埼京線,埼玉県
武蔵浦和,35.845422,139.646809,JR埼京線,埼玉県
中浦和,35.853769,139.6375,JR埼京線,埼玉県
南与野,35.867456,139.631117,JR埼京線,埼玉県
与野本町,35.880968,139.626075,JR埼京線,埼玉県
北与野,35.890678,139.628521,JR埼京線,埼玉県
尾久,35.74683,139.753846,JR宇都宮線,東京都
土呂,35.931997,139.63214,JR宇都宮線,埼玉県
東大宮,35.948751,139.640291,JR宇都宮線,埼玉県
蓮田,35.981272,139.653016,JR宇都宮線,埼玉県
白岡,36.01774,139.666826,JR宇都宮線,埼玉県
新白岡,36.038732,139.67208,JR宇都宮線,埼玉県
久喜,36.065684,139.67727,JR宇都宮線,埼玉県
東鷲宮,36.089428,139.67913,JR宇都宮線,埼玉県
栗橋,36.136852,139.694177,JR宇都宮線,埼玉県
古河,36.194375,139.709726,JR宇都宮線,茨城県
野木,36.229963,139.734729,JR宇都宮線,栃木県
間々田,36.257908,139.761039,JR宇都宮線,栃木県
小山,36.312747,139.806241,JR宇都宮線,栃木県
小金井,36.374435,139.842232,JR宇都宮線,栃木県
自治医大,36.39543,139.854524,JR宇都宮線,栃木県
石橋,36.43651,139.866536,JR宇都宮線,栃木県
雀宮,36.493845,139.876811,JR宇都宮線,栃木県
宇都宮,36.559246,139.898389,JR宇都宮線,栃木県
岡本,36.598182,139.944363,JR宇都宮線,栃木県
宝積寺,36.631703,139.979487,JR宇都宮線,栃木県
氏家,36.681696,139.9621,JR宇都宮線,栃木県
蒲須坂,36.720727,139.950461,JR宇都宮線,栃木県
片岡,36.754557,139.945665,JR宇都宮線,栃木県
矢板,36.80655,139.932912,JR宇都宮線,栃木県
野崎,36.843722,139.957752,JR宇都宮線,栃木県
西那須野,36.883726,139.986383,JR宇都宮線,栃木県
那須塩原,36.931956,140.020694,JR宇都宮線,栃木県
黒磯,36.970128,140.060204,JR宇都宮線,栃木県
五反田,35.625974,139.723822,JR山手線,東京都
目黒,35.633923,139.715775,JR山手線,東京都
原宿,35.670646,139.702592,JR山手線,東京都
新大久保,35.700875,139.700261,JR山手線,東京都
高田馬場,35.712677,139.703715,JR山手線,東京都
目白,35.720476,139.706228,JR山手線,東京都
大塚,35.731412,139.728584,JR山手線,東京都
巣鴨,35.733445,139.739303,JR山手線,東京都
駒込,35.736825,139.748053,JR山手線,東京都
北千住,35.749677,139.804872,JR常磐線各駅停車,東京都
綾瀬,35.762222,139.825019,JR常磐線各駅停車,東京都
亀有,35.766527,139.847573,JR常磐線各駅停車,東京都
金町,35.769582,139.870482,JR常磐線各駅停車,東京都
松戸,35.784472,139.900779,JR常磐線各駅停車,千葉県
北松戸,35.800459,139.911528,JR常磐線各駅停車,千葉県
馬橋,35.811683,139.917305,JR常磐線各駅停車,千葉県
新松戸,35.825467,139.921076,JR常磐線各駅停車,千葉県
北小金,35.833436,139.931303,JR常磐線各駅停車,千葉県
南柏,35.844655,139.954111,JR常磐線各駅停車,千葉県
柏,35.862316,139.971148,JR常磐線各駅停車,千葉県
北柏,35.875623,139.988035,JR常磐線各駅停車,千葉県
我孫子,35.87279,140.010466,JR常磐線各駅停車,千葉県
天王台,35.872558,140.04121,JR常磐線各駅停車,千葉県
取手,35.89553,140.063004,JR常磐線各駅停車,茨城県
三河島,35.733383,139.777131,JR常磐線快速,東京都
南千住,35.734033,139.7994,JR常磐線快速,東京都
戸塚,35.400432,139.534282,JR東海道本線,神奈川県
大船,35.353466,139.531127,JR東海道本線,神奈川県
藤沢,35.338882,139.487293,JR東海道本線,神奈川県
辻堂,35.336846,139.447106,JR東海道本線,神奈川県
茅ヶ崎,35.330741,139.407197,JR東海道本線,神奈川県
平塚,35.327647,139.349063,JR東海道本線,神奈川県
大磯,35.311299,139.313388,JR東海道本線,神奈川県
二宮,35.298644,139.256925,JR東海道本線,神奈川県
国府津,35.280832,139.212932,JR東海道本線,神奈川県
鴨宮,35.275744,139.180147,JR東海道本線,神奈川県
小田原,35.256225,139.155772,JR東海道本線,神奈川県
早川,35.238875,139.145014,JR東海道本線,神奈川県
根府川,35.202455,139.138504,JR東海道本線,神奈川県
真鶴,35.156837,139.132148,JR東海道本線,神奈川県
湯河原,35.146178,139.102142,JR東海道本線,神奈川県
熱海,35.103573,139.077679,JR東海道本線,静岡県
函南,35.108773,138.970984,JR東海道本線,静岡県
三島,35.126253,138.911133,JR東海道本線,静岡県
沼津,35.103011,138.860104,JR東海道本線,静岡県
片浜,35.11825,138.818937,JR東海道本線,静岡県
原,35.124915,138.793387,JR東海道本線,静岡県
東田子の浦,35.136255,138.745441,JR東海道本線,静岡県
吉原,35.143845,138.702768,JR東海道本線,静岡県
富士,35.151497,138.651225,JR東海道本線,静岡県
富士川,35.141119,138.618571,JR東海道本線,静岡県
新蒲原,35.119599,138.608117,JR東海道本線,静岡県
蒲原,35.114005,138.582752,JR東海道本線,静岡県
由比,35.097108,138.552756,JR東海道本線,静岡県
興津,35.052539,138.521865,JR東海道本線,静岡県
清水,35.023248,138.488958,JR東海道本線,静岡県
草薙,35.002854,138.442025,JR東海道本線,静岡県
東静岡,34.985256,138.413118,JR東海道本線,静岡県
静岡,34.971629,138.388579,JR東海道本線,静岡県
安倍川,34.940961,138.364029,JR東海道本線,静岡県
用宗,34.922512,138.36006,JR東海道本線,静岡県
焼津,34.872261,138.318457,JR東海道本線,静岡県
西焼津,34.859824,138.28552,JR東海道本線,静岡県
藤枝,34.849511,138.252748,JR東海道本線,静岡県
六合,34.836436,138.203502,JR東海道本線,静岡県
島田,34.830159,138.173436,JR東海道本線,静岡県
金谷,34.819049,138.125578,JR東海道本線,静岡県
菊川,34.76176,138.085648,JR東海道本線,静岡県
掛川,34.769463,138.014937,JR東海道本線,静岡県
愛野,34.752257,137.961663,JR東海道本線,静岡県
袋井,34.741377,137.92596,JR東海道本線,静岡県
御厨,34.718469,137.885315,JR東海道本線,静岡県
磐田,34.710132,137.852244,JR東海道本線,静岡県
豊田町,34.7121,137.82013,JR東海道本線,静岡県
天竜川,34.716994,137.77923,JR東海道本線,静岡県
浜松,34.703866,137.734759,JR東海道本線,静岡県
高塚,34.690425,137.681303,JR東海道本線,静岡県
舞阪,34.685701,137.626422,JR東海道本線,静岡県
弁天島,34.690125,137.603058,JR東海道本線,静岡県
新居町,34.694276,137.568953,JR東海道本線,静岡県
鷲津,34.716819,137.546116,JR東海道本線,静岡県
新所原,34.723205,137.484399,JR東海道本線,静岡県
二川,34.725809,137.438966,JR東海道本線,愛知県
豊橋,34.762734,137.382128,JR東海道本線,愛知県
西小坂井,34.79708,137.352499,JR東海道本線,愛知県
愛知御津,34.812624,137.316492,JR東海道本線,愛知県
三河大塚,34.815744,137.28287,JR東海道本線,愛知県
三河三谷,34.818546,137.247795,JR東海道本線,愛知県
蒲郡,34.823078,137.226459,JR東海道本線,愛知県
三河塩津,34.825295,137.201261,JR東海道本線,愛知県
三ヶ根,34.836449,137.176348,JR東海道本線,愛知県
幸田,34.859926,137.16447,JR東海道本線,愛知県
相見,34.886833,137.160389,JR東海道本線,愛知県
岡崎,34.925417,137.157243,JR東海道本線,愛知県
西岡崎,34.946572,137.123187,JR東海道本線,愛知県
安城,34.959986,137.08716,JR東海道本線,愛知県
三河安城,34.96968,137.060918,JR東海道本線,愛知県
東刈谷,34.97741,137.043525,JR東海道本線,愛知県
野田新町,34.984212,137.026355,JR東海道本線,愛知県
刈谷,34.991156,137.008878,JR東海道本線,愛知県
逢妻,34.998215,136.990544,JR東海道本線,愛知県
大府,35.008665,136.961727,JR東海道本線,愛知県
共和,35.035245,136.954599,JR東海道本線,愛知県
南大高,35.055403,136.948244,JR東海道本線,愛知県
大高,35.069244,136.940242,JR東海道本線,愛知県
笠寺,35.095113,136.926321,JR東海道本線,愛知県
熱田,35.130028,136.910502,JR東海道本線,愛知県
金山,35.143323,136.90075,JR東海道本線,愛知県
尾頭橋,35.146981,136.89102,JR東海道本線,愛知県
枇杷島,35.198681,136.861816,JR東海道本線,愛知県
清洲,35.225406,136.834529,JR東海道本線,愛知県
稲沢,35.252994,136.820942,JR東海道本線,愛知県
尾張一宮,35.301765,136.797567,JR東海道本線,愛知県
木曽川,35.349319,136.780726,JR東海道本線,愛知県
岐阜,35.409532,136.756514,JR東海道本線,岐阜県
西岐阜,35.404664,136.72341,JR東海道本線,岐阜県
穂積,35.396345,136.693834,JR東海道本線,岐阜県
大垣,35.367096,136.618288,JR東海道本線,岐阜県
垂井,35.369587,136.531246,JR東海道本線,岐阜県
関ヶ原,35.363726,136.470451,JR東海道本線,岐阜県
柏原,35.344592,136.402767,JR東海道本線,滋賀県
近江長岡,35.359307,136.373775,JR東海道本線,滋賀県
醒ヶ井,35.327664,136.345135,JR東海道本線,滋賀県
米原,35.314657,136.289992,JR東海道本線,滋賀県
荒尾,35.373454,136.583276,JR東海道本線,岐阜県
美濃赤坂,35.386677,136.582129,JR東海道本線,岐阜県
大口,35.492375,139.646288,JR横浜線,神奈川県
菊名,35.509749,139.630147,JR横浜線,神奈川県
新横浜,35.506824,139.617348,JR横浜線,神奈川県
小机,35.508533,139.599787,JR横浜線,神奈川県
鴨居,35.510955,139.56707,JR横浜線,神奈川県
中山,35.514745,139.539692,JR横浜線,神奈川県
十日市場,35.526254,139.51669,JR横浜線,神奈川県
長津田,35.531698,139.49468,JR横浜線,神奈川県
成瀬,35.535412,139.472875,JR横浜線,東京都
町田,35.542004,139.445579,JR横浜線,東京都
古淵,35.556055,139.419151,JR横浜線,神奈川県
淵野辺,35.568784,139.395075,JR横浜線,神奈川県
矢部,35.573275,139.386373,JR横浜線,神奈川県
相模原,35.58113,139.371007,JR横浜線,神奈川県
橋本,35.594975,139.344586,JR横浜線,神奈川県
相原,35.60694,139.33169,JR横浜線,東京都
八王子みなみ野,35.630664,139.330678,JR横浜線,東京都
片倉,35.639704,139.34119,JR横浜線,東京都
西大井,35.601616,139.721729,JR横須賀線,東京都
武蔵小杉,35.575965,139.663278,JR横須賀線,神奈川県
新川崎,35.551784,139.671481,JR横須賀線,神奈川県
保土ヶ谷,35.446746,139.599671,JR横須賀線,神奈川県
東戸塚,35.430353,139.556794,JR横須賀線,神奈川県
北鎌倉,35.337198,139.545134,JR横須賀線,神奈川県
鎌倉,35.318793,139.550428,JR横須賀線,神奈川県
逗子,35.297392,139.578292,JR横須賀線,神奈川県
東逗子,35.298781,139.601768,JR横須賀線,神奈川県
田浦,35.29271,139.637726,JR横須賀線,神奈川県
横須賀,35.284022,139.655855,JR横須賀線,神奈川県
衣笠,35.257091,139.661193,JR横須賀線,神奈川県
久里浜,35.233107,139.700862,JR横須賀線,神奈川県
北府中,35.68088,139.471792,JR武蔵野線,東京都
新小平,35.73128,139.470745,JR武蔵野線,東京都
新秋津,35.778331,139.493592,JR武蔵野線,東京都
東所沢,35.79461,139.513878,JR武蔵野線,埼玉県
新座,35.80381,139.556328,JR武蔵野線,埼玉県
北朝霞,35.815475,139.587322,JR武蔵野線,埼玉県
西浦和,35.844139,139.627707,JR武蔵野線,埼玉県
武蔵浦和,35.846047,139.647974,JR武蔵野線,埼玉県
東浦和,35.864079,139.704627,JR武蔵野線,埼玉県
東川口,35.875246,139.744087,JR武蔵野線,埼玉県
南越谷,35.876106,139.790499,JR武蔵野線,埼玉県
越谷レイクタウン,35.87622,139.820219,JR武蔵野線,埼玉県
吉川,35.87662,139.843162,JR武蔵野線,埼玉県
吉川美南,35.868056,139.858167,JR武蔵野線,埼玉県
新三郷,35.858667,139.869341,JR武蔵野線,埼玉県
三郷,35.845004,139.886341,JR武蔵野線,埼玉県
南流山,35.838035,139.903865,JR武蔵野線,千葉県
新八柱,35.792013,139.938393,JR武蔵野線,千葉県
東松戸,35.770611,139.943848,JR武蔵野線,千葉県
市川大野,35.755432,139.951227,JR武蔵野線,千葉県
船橋法典,35.730435,139.966771,JR武蔵野線,千葉県
市ヶ谷,35.692594,139.735794,JR総武線,東京都
浅草橋,35.697403,139.784427,JR総武線,東京都
両国,35.69579,139.793334,JR総武線,東京都
錦糸町,35.696802,139.814136,JR総武線,東京都
亀戸,35.697345,139.826262,JR総武線,東京都
平井,35.70643,139.842181,JR総武線,東京都
新小岩,35.716903,139.857777,JR総武線,東京都
小岩,35.733207,139.881755,JR総武線,東京都
市川,35.728903,139.908142,JR総武線,千葉県
本八幡,35.720898,139.92741,JR総武線,千葉県
下総中山,35.714276,139.943092,JR総武線,千葉県
船橋,35.701865,139.984707,JR総武線,千葉県
東船橋,35.699811,140.00393,JR総武線,千葉県
津田沼,35.691367,140.020179,JR総武線,千葉県
幕張本郷,35.672664,140.042241,JR総武線,千葉県
幕張,35.6594,140.0579,JR総武線,千葉県
新検見川,35.65169,140.073025,JR総武線,千葉県
稲毛,35.637264,140.09256,JR総武線,千葉県
西千葉,35.622639,140.103337,JR総武線,千葉県
千葉,35.613425,140.112837,JR総武線,千葉県
新日本橋,35.688687,139.77323,JR総武線快速,東京都
馬喰町,35.693365,139.78238,JR総武線快速,東京都
西立川,35.703526,139.393556,JR青梅線,東京都
東中神,35.706337,139.384529,JR青梅線,東京都
中神,35.709058,139.375816,JR青梅線,東京都
昭島,35.713305,139.361564,JR青梅線,東京都
牛浜,35.734547,139.333677,JR青梅線,東京都
福生,35.742456,139.327763,JR青梅線,東京都
羽村,35.758073,139.316188,JR青梅線,東京都
小作,35.776048,139.302233,JR青梅線,東京都
河辺,35.78473,139.284032,JR青梅線,東京都
東青梅,35.789768,139.272841,JR青梅線,東京都
青梅,35.790512,139.258096,JR青梅線,東京都
宮ノ平,35.787545,139.237289,JR青梅線,東京都
日向和田,35.788665,139.229515,JR青梅線,東京都
石神前,35.79683,139.225096,JR青梅線,東京都
二俣尾,35.803945,139.216161,JR青梅線,東京都
軍畑,35.807382,139.207431,JR青梅線,東京都
沢井,35.80594,139.193324,JR青梅線,東京都
御嶽,35.801468,139.182589,JR青梅線,東京都
川井,35.813697,139.16429,JR青梅線,東京都
古里,35.816247,139.152102,JR青梅線,東京都
鳩ノ巣,35.815127,139.128932,JR青梅線,東京都
白丸,35.811735,139.114861,JR青梅線,東京都
奥多摩,35.809357,139.096961,JR青梅線,東京都
宮原,35.940256,139.609455,JR高崎線,埼玉県
上尾,35.973522,139.588434,JR高崎線,埼玉県
北上尾,35.985632,139.577223,JR高崎線,埼玉県
桶川,35.998375,139.564274,JR高崎線,埼玉県
北本,36.032112,139.533591,JR高崎線,埼玉県
鴻巣,36.0592,139.509552,JR高崎線,埼玉県
北鴻巣,36.085529,139.476894,JR高崎線,埼玉県
吹上,36.103062,139.45312,JR高崎線,埼玉県
行田,36.113879,139.432103,JR高崎線,埼玉県
熊谷,36.139627,139.389528,JR高崎線,埼玉県
籠原,36.17448,139.330199,JR高崎線,埼玉県
深谷,36.191343,139.28127,JR高崎線,埼玉県
岡部,36.205645,139.237622,JR高崎線,埼玉県
本庄,36.236229,139.188299,JR高崎線,埼玉県
神保原,36.25359,139.149172,JR高崎線,埼玉県
新町,36.272984,139.105457,JR高崎線,群馬県
秋葉原,35.698889,139.774273,つくばエクスプレス線,東京都
新御徒町,35.707045,139.781958,つくばエクスプレス線,東京都
浅草,35.713817,139.792389,つくばエクスプレス線,東京都
南千住,35.732413,139.798783,つくばエクスプレス線,東京都
北千住,35.74949,139.805092,つくばエクスプレス線,東京都
青井,35.771782,139.82038,つくばエクスプレス線,東京都
六町,35.784963,139.821816,つくばエクスプレス線,東京都
八潮,35.807905,139.845017,つくばエクスプレス線,埼玉県
三郷中央,35.824514,139.878344,つくばエクスプレス線,埼玉県
南流山,35.83869,139.903271,つくばエクスプレス線,千葉県
流山セントラルパーク,35.854552,139.915223,つくばエクスプレス線,千葉県
流山おおたかの森,35.871799,139.925044,つくばエクスプレス線,千葉県
柏の葉キャンパス,35.89308,139.952454,つくばエクスプレス線,千葉県
柏たなか,35.9109,139.957533,つくばエクスプレス線,千葉県
守谷,35.950626,139.992209,つくばエクスプレス線,茨城県
みらい平,35.99514,140.038555,つくばエクスプレス線,茨城県
みどりの,36.03025,140.056276,つくばエクスプレス線,茨城県
万博記念公園,36.05841,140.059256,つくばエクスプレス線,茨城県
研究学園,36.0821,140.082256,つくばエクスプレス線,茨城県
つくば,36.0825,140.110604,つくばエクスプレス線,茨城県
本庄早稲田,36.218758,139.179682,上越新幹線,埼玉県
上毛高原,36.69317,138.977572,上越新幹線,群馬県
越後湯沢,36.935799,138.809227,上越新幹線,新潟県
浦佐,37.167488,138.922798,上越新幹線,新潟県
長岡,37.447787,138.853927,上越新幹線,新潟県
燕三条,37.648824,138.939274,上越新幹線,新潟県
新潟,37.912299,139.060869,上越新幹線,新潟県
押上,35.710702,139.812935,京成押上線,東京都
京成曳舟,35.718441,139.820012,京成押上線,東京都
八広,35.727687,139.828738,京成押上線,東京都
四ツ木,35.731962,139.834918,京成押上線,東京都
京成立石,35.738281,139.848558,京成押上線,東京都
青砥,35.745883,139.856292,京成押上線,東京都
京成高砂,35.750932,139.866875,京成押上線,東京都
京成上野,35.711232,139.773571,京成本線,東京都
新三河島,35.73714,139.773834,京成本線,東京都
町屋,35.742354,139.781499,京成本線,東京都
千住大橋,35.74243,139.796934,京成本線,東京都
京成関屋,35.744008,139.81183,京成本線,東京都
堀切菖蒲園,35.747649,139.827545,京成本線,東京都
お花茶屋,35.747585,139.83988,京成本線,東京都
京成小岩,35.742158,139.88371,京成本線,東京都
江戸川,35.737723,139.896226,京成本線,東京都
国府台,35.736301,139.90322,京成本線,千葉県
市川真間,35.73121,139.911717,京成本線,千葉県
菅野,35.728272,139.919413,京成本線,千葉県
京成八幡,35.723811,139.92816,京成本線,千葉県
鬼越,35.719776,139.937932,京成本線,千葉県
京成中山,35.716998,139.944203,京成本線,千葉県
東中山,35.714385,139.952683,京成本線,千葉県
京成西船,35.711627,139.958863,京成本線,千葉県
海神,35.705888,139.971888,京成本線,千葉県
京成船橋,35.700161,139.985451,京成本線,千葉県
大神宮下,35.693945,139.991431,京成本線,千葉県
船橋競馬場,35.689606,139.997998,京成本線,千葉県
谷津,35.685257,140.007658,京成本線,千葉県
京成津田沼,35.68364,140.024823,京成本線,千葉県
京成大久保,35.686016,140.048629,京成本線,千葉県
実籾,35.686852,140.068289,京成本線,千葉県
八千代台,35.701465,140.090942,京成本線,千葉県
京成大和田,35.712309,140.108578,京成本線,千葉県
勝田台,35.715445,140.126053,京成本線,千葉県
志津,35.717406,140.144982,京成本線,千葉県
ユーカリが丘,35.721801,140.156354,京成本線,千葉県
京成臼井,35.730017,140.180796,京成本線,千葉県
京成佐倉,35.725205,140.229633,京成本線,千葉県
大佐倉,35.729908,140.25079,京成本線,千葉県
京成酒々井,35.736867,140.270132,京成本線,千葉県
宗吾参道,35.752669,140.280975,京成本線,千葉県
公津の杜,35.760446,140.294904,京成本線,千葉県
京成成田,35.776308,140.315473,京成本線,千葉県
空港第2ビル,35.773693,140.387163,京成本線,千葉県
成田空港,35.763983,140.384644,京成本線,千葉県
柴又,35.756323,139.875188,京成金町線,東京都
京成金町,35.768471,139.870387,京成金町線,東京都
東松戸,35.769954,139.942957,京成成田空港線,千葉県
新鎌ヶ谷,35.779481,139.998361,京成成田空港線,千葉県
千葉ニュータウン中央,35.800175,140.116159,京成成田空港線,千葉県
印旛日本医大,35.787512,140.203112,京成成田空港線,千葉県
成田湯川,35.799115,140.291596,京成成田空港線,千葉県
泉岳寺,35.638692,139.74002,京浜急行本線,東京都
品川,35.628284,139.73809,京浜急行本線,東京都
北品川,35.622458,139.739191,京浜急行本線,東京都
新馬場,35.61762,139.741366,京浜急行本線,東京都
青物横丁,35.609351,139.742958,京浜急行本線,東京都
鮫洲,35.604977,139.742227,京浜急行本線,東京都
立会川,35.598489,139.738886,京浜急行本線,東京都
大森海岸,35.587576,139.73544,京浜急行本線,東京都
平和島,35.57868,139.73491,京浜急行本線,東京都
大森町,35.572431,139.732027,京浜急行本線,東京都
梅屋敷,35.566873,139.728266,京浜急行本線,東京都
京急蒲田,35.560796,139.723681,京浜急行本線,東京都
雑色,35.549725,139.715005,京浜急行本線,東京都
六郷土手,35.540577,139.7076,京浜急行本線,東京都
京急川崎,35.53285,139.700893,京浜急行本線,神奈川県
八丁畷,35.523054,139.691346,京浜急行本線,神奈川県
鶴見市場,35.517594,139.68642,京浜急行本線,神奈川県
京急鶴見,35.507032,139.677743,京浜急行本線,神奈川県
花月総持寺,35.500358,139.672813,京浜急行本線,神奈川県
生麦,35.4956,139.6673,京浜急行本線,神奈川県
京急新子安,35.487242,139.655848,京浜急行本線,神奈川県
子安,35.484556,139.644965,京浜急行本線,神奈川県
神奈川新町,35.481559,139.640152,京浜急行本線,神奈川県
京急東神奈川,35.477412,139.634669,京浜急行本線,神奈川県
神奈川,35.471304,139.627364,京浜急行本線,神奈川県
横浜,35.466066,139.623055,京浜急行本線,神奈川県
戸部,35.456631,139.61956,京浜急行本線,神奈川県
日ノ出町,35.445524,139.626696,京浜急行本線,神奈川県
黄金町,35.439694,139.62246,京浜急行本線,神奈川県
南太田,35.436923,139.613408,京浜急行本線,神奈川県
井土ヶ谷,35.433895,139.60061,京浜急行本線,神奈川県
弘明寺,35.42437,139.596791,京浜急行本線,神奈川県
上大岡,35.409418,139.596552,京浜急行本線,神奈川県
屏風浦,35.394176,139.610387,京浜急行本線,神奈川県
杉田,35.383796,139.615734,京浜急行本線,神奈川県
京急富岡,35.366743,139.629772,京浜急行本線,神奈川県
能見台,35.360528,139.629233,京浜急行本線,神奈川県
金沢文庫,35.342966,139.621606,京浜急行本線,神奈川県
金沢八景,35.331223,139.62018,京浜急行本線,神奈川県
追浜,35.315461,139.624905,京浜急行本線,神奈川県
京急田浦,35.300892,139.625252,京浜急行本線,神奈川県
安針塚,35.286641,139.64292,京浜急行本線,神奈川県
逸見,35.28048,139.653149,京浜急行本線,神奈川県
汐入,35.280241,139.662443,京浜急行本線,神奈川県
横須賀中央,35.27858,139.670217,京浜急行本線,神奈川県
県立大学,35.269731,139.677033,京浜急行本線,神奈川県
堀ノ内,35.26322,139.686932,京浜急行本線,神奈川県
京急大津,35.261068,139.695334,京浜急行本線,神奈川県
馬堀海岸,35.259651,139.707328,京浜急行本線,神奈川県
浦賀,35.250933,139.714999,京浜急行本線,神奈川県
糀谷,35.5545,139.72962,京浜急行空港線,東京都
大鳥居,35.552531,139.739356,京浜急行空港線,東京都
穴守稲荷,35.550326,139.746669,京浜急行空港線,東京都
天空橋,35.548908,139.75423,京浜急行空港線,東京都
羽田空港第3ターミナル,35.544676,139.768968,京浜急行空港線,東京都
羽田空港第1・第2ターミナル,35.549809,139.785962,京浜急行空港線,東京都
新宿,35.690163,139.699187,京王線,東京都
笹塚,35.673758,139.667251,京王線,東京都
代田橋,35.671092,139.659413,京王線,東京都
明大前,35.668758,139.650352,京王線,東京都
下高井戸,35.66615,139.641372,京王線,東京都
桜上水,35.66768,139.63129,京王線,東京都
上北沢,35.668857,139.62329,京王線,東京都
八幡山,35.669982,139.614927,京王線,東京都
芦花公園,35.670479,139.608247,京王線,東京都
千歳烏山,35.667921,139.60067,京王線,東京都
仙川,35.662257,139.584908,京王線,東京都
つつじヶ丘,35.657936,139.575103,京王線,東京都
柴崎,35.653997,139.56658,京王線,東京都
国領,35.650087,139.558036,京王線,東京都
布田,35.649904,139.551557,京王線,東京都
調布,35.652181,139.543988,京王線,東京都
西調布,35.657169,139.529822,京王線,東京都
飛田給,35.660121,139.523666,京王線,東京都
武蔵野台,35.664159,139.511289,京王線,東京都
多磨霊園,35.666197,139.502615,京王線,東京都
東府中,35.668766,139.495257,京王線,東京都
府中,35.672245,139.4799,京王線,東京都
中河原,35.659549,139.457602,京王線,東京都
聖蹟桜ヶ丘,35.650814,139.446979,京王線,東京都
百草園,35.657362,139.431285,京王線,東京都
高幡不動,35.662361,139.412953,京王線,東京都
南平,35.654559,139.392008,京王線,東京都
平山城址公園,35.647371,139.379926,京王線,東京都
長沼,35.642788,139.365849,京王線,東京都
北野,35.644479,139.354489,京王線,東京都
京王八王子,35.657416,139.343851,京王線,東京都
新線新宿,35.68869,139.698812,京王新線,東京都
初台,35.68123,139.686354,京王新線,東京都
幡ヶ谷,35.677061,139.676183,京王新線,東京都
渋谷,35.6587,139.700872,京王井の頭線,東京都
神泉,35.657244,139.693579,京王井の頭線,東京都
駒場東大前,35.65868,139.684308,京王井の頭線,東京都
池ノ上,35.660402,139.67344,京王井の頭線,東京都
下北沢,35.661539,139.66691,京王井の頭線,東京都
新代田,35.662593,139.660524,京王井の頭線,東京都
東松原,35.662634,139.655535,京王井の頭線,東京都
永福町,35.67629,139.642733,京王井の頭線,東京都
西永福,35.678918,139.634936,京王井の頭線,東京都
浜田山,35.681603,139.627528,京王井の頭線,東京都
高井戸,35.683253,139.615115,京王井の頭線,東京都
富士見ヶ丘,35.684805,139.607072,京王井の頭線,東京都
久我山,35.688138,139.599211,京王井の頭線,東京都
三鷹台,35.692046,139.589298,京王井の頭線,東京都
井の頭公園,35.697304,139.583112,京王井の頭線,東京都
吉祥寺,35.702291,139.580306,京王井の頭線,東京都
京王多摩川,35.644499,139.536606,京王相模原線,東京都
京王稲田堤,35.633895,139.531099,京王相模原線,神奈川県
京王よみうりランド,35.632934,139.517597,京王相模原線,東京都
稲城,35.636166,139.500398,京王相模原線,東京都
若葉台,35.619325,139.472189,京王相模原線,神奈川県
京王永山,35.630102,139.448204,京王相模原線,東京都
京王多摩センター,35.62518,139.42402,京王相模原線,東京都
京王堀之内,35.624438,139.400314,京王相模原線,東京都
南大沢,35.6141,139.3798,京王相模原線,東京都
多摩境,35.601826,139.366987,京王相模原線,東京都
橋本,35.595518,139.343226,京王相模原線,神奈川県
京王片倉,35.644343,139.337035,京王高尾線,東京都
山田,35.644411,139.321082,京王高尾線,東京都
めじろ台,35.643601,139.308446,京王高尾線,東京都
狭間,35.640637,139.293808,京王高尾線,東京都
高尾,35.641645,139.281551,京王高尾線,東京都
高尾山口,35.632377,139.269856,京王高尾線,東京都
多摩動物公園,35.649215,139.404627,京王動物園線,東京都
府中競馬正門前,35.668288,139.485019,京王競馬場線,東京都
新柴又,35.75101,139.879376,北総鉄道,東京都
矢切,35.757503,139.899742,北総鉄道,千葉県
北国分,35.762916,139.914252,北総鉄道,千葉県
秋山,35.765299,139.930723,北総鉄道,千葉県
松飛台,35.775377,139.957739,北総鉄道,千葉県
大町,35.775103,139.973567,北総鉄道,千葉県
西白井,35.784364,140.031545,北総鉄道,千葉県
白井,35.784723,140.0541,北総鉄道,千葉県
小室,35.787004,140.076073,北総鉄道,千葉県
印西牧の原,35.803608,140.166911,北総鉄道,千葉県
赤羽岩淵,35.783417,139.722103,埼玉高速鉄道,東京都
川口元郷,35.800187,139.730043,埼玉高速鉄道,埼玉県
南鳩ヶ谷,35.816839,139.736059,埼玉高速鉄道,埼玉県
鳩ヶ谷,35.830859,139.735967,埼玉高速鉄道,埼玉県
新井宿,35.842974,139.737908,埼玉高速鉄道,埼玉県
戸塚安行,35.858873,139.753689,埼玉高速鉄道,埼玉県
東川口,35.876211,139.74398,埼玉高速鉄道,埼玉県
浦和美園,35.893677,139.72779,埼玉高速鉄道,埼玉県
上北台,35.745824,139.415822,多摩モノレール,東京都
桜街道,35.739,139.416653,多摩モノレール,東京都
玉川上水,35.73223,139.417866,多摩モノレール,東京都
砂川七番,35.723319,139.418097,多摩モノレール,東京都
泉体育館,35.718775,139.419525,多摩モノレール,東京都
立飛,35.714717,139.417387,多摩モノレール,東京都
高松,35.710158,139.413242,多摩モノレール,東京都
立川北,35.699502,139.41254,多摩モノレール,東京都
立川南,35.696077,139.412546,多摩モノレール,東京都
柴崎体育館,35.689475,139.409191,多摩モノレール,東京都
甲州街道,35.678262,139.409191,多摩モノレール,東京都
万願寺,35.671249,139.420079,多摩モノレール,東京都
高幡不動,35.66148,139.415184,多摩モノレール,東京都
程久保,35.655093,139.410698,多摩モノレール,東京都
多摩動物公園,35.648666,139.403672,多摩モノレール,東京都
中央大学・明星大学,35.64197,139.408672,多摩モノレール,東京都
大塚・帝京大学,35.636878,139.416461,多摩モノレール,東京都
松が谷,35.63169,139.422201,多摩モノレール,東京都
多摩センター,35.623724,139.422782,多摩モノレール,東京都
新百合ヶ丘,35.603705,139.507608,小田急多摩線,神奈川県
五月台,35.600174,139.493542,小田急多摩線,神奈川県
栗平,35.605731,139.481298,小田急多摩線,神奈川県
黒川,35.613203,139.470731,小田急多摩線,神奈川県
はるひ野,35.618885,139.464534,小田急多摩線,神奈川県
小田急永山,35.629972,139.447943,小田急多摩線,東京都
小田急多摩センター,35.624902,139.424298,小田急多摩線,東京都
唐木田,35.616672,139.411622,小田急多摩線,東京都
新宿,35.691435,139.699574,小田急小田原線,東京都
南新宿,35.683483,139.69867,小田急小田原線,東京都
参宮橋,35.678586,139.693568,小田急小田原線,東京都
代々木八幡,35.669715,139.688913,小田急小田原線,東京都
代々木上原,35.669159,139.680153,小田急小田原線,東京都
東北沢,35.665379,139.673014,小田急小田原線,東京都
下北沢,35.661655,139.667516,小田急小田原線,東京都
世田谷代田,35.65834,139.661557,小田急小田原線,東京都
梅ヶ丘,35.656024,139.653628,小田急小田原線,東京都
豪徳寺,35.653807,139.647381,小田急小田原線,東京都
経堂,35.650991,139.635993,小田急小田原線,東京都
千歳船橋,35.647616,139.624544,小田急小田原線,東京都
祖師ヶ谷大蔵,35.643236,139.609659,小田急小田原線,東京都
成城学園前,35.640114,139.598958,小田急小田原線,東京都
喜多見,35.636697,139.587445,小田急小田原線,東京都
狛江,35.632001,139.577127,小田急小田原線,東京都
和泉多摩川,35.627349,139.573695,小田急小田原線,東京都
登戸,35.62115,139.569449,小田急小田原線,神奈川県
向ヶ丘遊園,35.617273,139.564719,小田急小田原線,神奈川県
生田,35.614954,139.542024,小田急小田原線,神奈川県
読売ランド前,35.614723,139.527903,小田急小田原線,神奈川県
百合ヶ丘,35.60903,139.516121,小田急小田原線,神奈川県
柿生,35.589597,139.497614,小田急小田原線,神奈川県
鶴川,35.583077,139.481759,小田急小田原線,東京都
玉川学園前,35.563486,139.463388,小田急小田原線,東京都
町田,35.544222,139.445236,小田急小田原線,東京都
相模大野,35.532208,139.437836,小田急小田原線,神奈川県
小田急相模原,35.515134,139.422571,小田急小田原線,神奈川県
相武台前,35.499294,139.408509,小田急小田原線,神奈川県
座間,35.480913,139.399899,小田急小田原線,神奈川県
海老名,35.452709,139.390905,小田急小田原線,神奈川県
厚木,35.443081,139.377896,小田急小田原線,神奈川県
本厚木,35.439338,139.364261,小田急小田原線,神奈川県
愛甲石田,35.417634,139.344098,小田急小田原線,神奈川県
伊勢原,35.396081,139.313768,小田急小田原線,神奈川県
鶴巻温泉,35.381131,139.277813,小田急小田原線,神奈川県
東海大学前,35.373151,139.271236,小田急小田原線,神奈川県
秦野,35.370075,139.226009,小田急小田原線,神奈川県
渋沢,35.374032,139.184405,小田急小田原線,神奈川県
新松田,35.345082,139.139848,小田急小田原線,神奈川県
開成,35.326532,139.135785,小田急小田原線,神奈川県
栢山,35.310679,139.14258,小田急小田原線,神奈川県
富水,35.296759,139.145166,小田急小田原線,神奈川県
螢田,35.285055,139.152036,小田急小田原線,神奈川県
足柄,35.271763,139.15447,小田急小田原線,神奈川県
小田原,35.256229,139.155396,小田急小田原線,神奈川県
滝本,35.796035,139.161383,御岳登山鉄道,東京都
御岳山,35.789685,139.153594,御岳登山鉄道,東京都
新橋,35.665503,139.759644,新交通ゆりかもめ,東京都
汐留,35.662871,139.759985,新交通ゆりかもめ,東京都
竹芝,35.654099,139.762037,新交通ゆりかもめ,東京都
日の出,35.649136,139.75906,新交通ゆりかもめ,東京都
芝浦ふ頭,35.641773,139.757852,新交通ゆりかもめ,東京都
お台場海浜公園,35.629813,139.778607,新交通ゆりかもめ,東京都
台場,35.625908,139.771435,新交通ゆりかもめ,東京都
東京国際クルーズターミナル,35.621462,139.773157,新交通ゆりかもめ,東京都
テレコムセンター,35.617593,139.779327,新交通ゆりかもめ,東京都
青海,35.62467,139.781132,新交通ゆりかもめ,東京都
東京ビッグサイト,35.630158,139.791228,新交通ゆりかもめ,東京都
有明,35.634596,139.793269,新交通ゆりかもめ,東京都
有明テニスの森,35.639964,139.78888,新交通ゆりかもめ,東京都
市場前,35.645684,139.78564,新交通ゆりかもめ,東京都
新豊洲,35.648718,139.789996,新交通ゆりかもめ,東京都
豊洲,35.653792,139.795414,新交通ゆりかもめ,東京都
東雲,35.640987,139.804395,東京りんかい線,東京都
国際展示場,35.63441,139.791617,東京りんかい線,東京都
東京テレポート,35.62753,139.778896,東京りんかい線,東京都
天王洲アイル,35.620562,139.750793,東京りんかい線,東京都
品川シーサイド,35.608524,139.749549,東京りんかい線,東京都
大井町,35.607535,139.735025,東京りんかい線,東京都
中野坂上,35.69792,139.68291,東京メトロ丸ノ内分岐線,東京都
中野新橋,35.692123,139.673997,東京メトロ丸ノ内分岐線,東京都
中野富士見町,35.690514,139.666933,東京メトロ丸ノ内分岐線,東京都
方南町,35.683496,139.656498,東京メトロ丸ノ内分岐線,東京都
新大塚,35.72569,139.729971,東京メトロ丸ノ内線,東京都
茗荷谷,35.716989,139.737184,東京メトロ丸ノ内線,東京都
後楽園,35.707898,139.751864,東京メトロ丸ノ内線,東京都
本郷三丁目,35.706671,139.759914,東京メトロ丸ノ内線,東京都
御茶ノ水,35.700614,139.763952,東京メトロ丸ノ内線,東京都
淡路町,35.695434,139.767575,東京メトロ丸ノ内線,東京都
大手町,35.686564,139.7662,東京メトロ丸ノ内線,東京都
東京,35.681753,139.764708,東京メトロ丸ノ内線,東京都
銀座,35.671989,139.763965,東京メトロ丸ノ内線,東京都
霞ケ関,35.673838,139.750899,東京メトロ丸ノ内線,東京都
国会議事堂前,35.67393,139.745219,東京メトロ丸ノ内線,東京都
赤坂見附,35.677021,139.737047,東京メトロ丸ノ内線,東京都
四ツ谷,35.684586,139.729947,東京メトロ丸ノ内線,東京都
四谷三丁目,35.687958,139.720103,東京メトロ丸ノ内線,東京都
新宿御苑前,35.688588,139.71069,東京メトロ丸ノ内線,東京都
新宿三丁目,35.690847,139.704895,東京メトロ丸ノ内線,東京都
新宿,35.69235,139.700711,東京メトロ丸ノ内線,東京都
西新宿,35.694298,139.692778,東京メトロ丸ノ内線,東京都
新中野,35.697491,139.66903,東京メトロ丸ノ内線,東京都
東高円寺,35.697802,139.657822,東京メトロ丸ノ内線,東京都
新高円寺,35.697985,139.648068,東京メトロ丸ノ内線,東京都
南阿佐ヶ谷,35.699624,139.63576,東京メトロ丸ノ内線,東京都
荻窪,35.704304,139.620116,東京メトロ丸ノ内線,東京都
北綾瀬,35.777117,139.832035,東京メトロ千代田線,東京都
北千住,35.748916,139.804276,東京メトロ千代田線,東京都
町屋,35.742733,139.780501,東京メトロ千代田線,東京都
西日暮里,35.732257,139.766511,東京メトロ千代田線,東京都
千駄木,35.725549,139.763243,東京メトロ千代田線,東京都
根津,35.7174,139.765655,東京メトロ千代田線,東京都
湯島,35.708243,139.769916,東京メトロ千代田線,東京都
新御茶ノ水,35.698072,139.766014,東京メトロ千代田線,東京都
大手町,35.686154,139.763399,東京メトロ千代田線,東京都
二重橋前,35.681071,139.761948,東京メトロ千代田線,東京都
日比谷,35.674241,139.758732,東京メトロ千代田線,東京都
赤坂,35.67323,139.738348,東京メトロ千代田線,東京都
乃木坂,35.666572,139.726215,東京メトロ千代田線,東京都
表参道,35.665247,139.712314,東京メトロ千代田線,東京都
明治神宮前,35.669071,139.703995,東京メトロ千代田線,東京都
代々木公園,35.669187,139.689099,東京メトロ千代田線,東京都
渋谷,35.659066,139.701,東京メトロ半蔵門線,東京都
青山一丁目,35.672765,139.724159,東京メトロ半蔵門線,東京都
永田町,35.678757,139.740258,東京メトロ半蔵門線,東京都
半蔵門,35.685703,139.74163,東京メトロ半蔵門線,東京都
九段下,35.695589,139.751948,東京メトロ半蔵門線,東京都
神保町,35.695966,139.757606,東京メトロ半蔵門線,東京都
大手町,35.68686,139.764107,東京メトロ半蔵門線,東京都
三越前,35.684908,139.773147,東京メトロ半蔵門線,東京都
水天宮前,35.682683,139.785377,東京メトロ半蔵門線,東京都
清澄白河,35.682105,139.798851,東京メトロ半蔵門線,東京都
住吉,35.689073,139.815681,東京メトロ半蔵門線,東京都
錦糸町,35.697578,139.814941,東京メトロ半蔵門線,東京都
目黒,35.633272,139.7155,東京メトロ南北線,東京都
白金台,35.637917,139.726133,東京メトロ南北線,東京都
白金高輪,35.642903,139.734104,東京メトロ南北線,東京都
麻布十番,35.654682,139.737051,東京メトロ南北線,東京都
六本木一丁目,35.665595,139.739,東京メトロ南北線,東京都
溜池山王,35.673621,139.741419,東京メトロ南北線,東京都
四ツ谷,35.686032,139.72955,東京メトロ南北線,東京都
市ケ谷,35.691295,139.736642,東京メトロ南北線,東京都
飯田橋,35.701934,139.743669,東京メトロ南北線,東京都
東大前,35.717633,139.758025,東京メトロ南北線,東京都
本駒込,35.724155,139.753828,東京メトロ南北線,東京都
駒込,35.736959,139.746442,東京メトロ南北線,東京都
西ケ原,35.746008,139.742322,東京メトロ南北線,東京都
王子,35.753966,139.737618,東京メトロ南北線,東京都
王子神谷,35.765172,139.735933,東京メトロ南北線,東京都
志茂,35.777948,139.732599,東京メトロ南北線,東京都
南千住,35.733398,139.799273,東京メトロ日比谷線,東京都
三ノ輪,35.729623,139.791485,東京メトロ日比谷線,東京都
入谷,35.719862,139.783924,東京メトロ日比谷線,東京都
上野,35.711482,139.777122,東京メトロ日比谷線,東京都
仲御徒町,35.706649,139.776138,東京メトロ日比谷線,東京都
秋葉原,35.698162,139.775459,東京メトロ日比谷線,東京都
小伝馬町,35.690737,139.778433,東京メトロ日比谷線,東京都
人形町,35.686307,139.782285,東京メトロ日比谷線,東京都
茅場町,35.679752,139.780005,東京メトロ日比谷線,東京都
八丁堀,35.674851,139.776982,東京メトロ日比谷線,東京都
築地,35.668115,139.772603,東京メトロ日比谷線,東京都
東銀座,35.669464,139.767253,東京メトロ日比谷線,東京都
日比谷,35.67459,139.76017,東京メトロ日比谷線,東京都
虎ノ門ヒルズ,35.667444,139.747793,東京メトロ日比谷線,東京都
神谷町,35.662978,139.745069,東京メトロ日比谷線,東京都
六本木,35.662836,139.731443,東京メトロ日比谷線,東京都
広尾,35.652279,139.722202,東京メトロ日比谷線,東京都
恵比寿,35.647332,139.708988,東京メトロ日比谷線,東京都
中目黒,35.643854,139.698621,東京メトロ日比谷線,東京都
和光市,35.788507,139.612434,東京メトロ有楽町線,埼玉県
地下鉄成増,35.776557,139.631497,東京メトロ有楽町線,東京都
地下鉄赤塚,35.769939,139.644021,東京メトロ有楽町線,東京都
平和台,35.757863,139.653762,東京メトロ有楽町線,東京都
氷川台,35.74955,139.665567,東京メトロ有楽町線,東京都
小竹向原,35.743803,139.678572,東京メトロ有楽町線,東京都
千川,35.738229,139.689271,東京メトロ有楽町線,東京都
要町,35.73323,139.698715,東京メトロ有楽町線,東京都
池袋,35.729565,139.710088,東京メトロ有楽町線,東京都
東池袋,35.725732,139.719546,東京メトロ有楽町線,東京都
護国寺,35.719044,139.72754,東京メトロ有楽町線,東京都
江戸川橋,35.709495,139.733538,東京メトロ有楽町線,東京都
市ヶ谷,35.691958,139.73647,東京メトロ有楽町線,東京都
麹町,35.684006,139.737613,東京メトロ有楽町線,東京都
桜田門,35.677405,139.75149,東京メトロ有楽町線,東京都
有楽町,35.675714,139.763265,東京メトロ有楽町線,東京都
銀座一丁目,35.67435,139.767045,東京メトロ有楽町線,東京都
新富町,35.670462,139.773711,東京メトロ有楽町線,東京都
月島,35.664871,139.784233,東京メトロ有楽町線,東京都
豊洲,35.654908,139.79621,東京メトロ有楽町線,東京都
辰巳,35.645576,139.81052,東京メトロ有楽町線,東京都
新木場,35.645832,139.826254,東京メトロ有楽町線,東京都
落合,35.710976,139.687284,東京メトロ東西線,東京都
高田馬場,35.713338,139.704745,東京メトロ東西線,東京都
早稲田,35.705723,139.721319,東京メトロ東西線,東京都
神楽坂,35.70379,139.734546,東京メトロ東西線,東京都
飯田橋,35.701725,139.745986,東京メトロ東西線,東京都
竹橋,35.690662,139.756817,東京メトロ東西線,東京都
大手町,35.684801,139.766086,東京メトロ東西線,東京都
日本橋,35.682078,139.773516,東京メトロ東西線,東京都
門前仲町,35.671851,139.796209,東京メトロ東西線,東京都
木場,35.669351,139.807042,東京メトロ東西線,東京都
東陽町,35.669629,139.817596,東京メトロ東西線,東京都
南砂町,35.668796,139.83065,東京メトロ東西線,東京都
西葛西,35.664631,139.859259,東京メトロ東西線,東京都
葛西,35.663554,139.872458,東京メトロ東西線,東京都
浦安,35.665932,139.893193,東京メトロ東西線,千葉県
南行徳,35.672687,139.902311,東京メトロ東西線,千葉県
行徳,35.682686,139.914254,東京メトロ東西線,千葉県
妙典,35.690935,139.924209,東京メトロ東西線,千葉県
原木中山,35.703517,139.942029,東京メトロ東西線,千葉県
西船橋,35.707127,139.958972,東京メトロ東西線,千葉県
外苑前,35.670527,139.717857,東京メトロ銀座線,東京都
虎ノ門,35.670236,139.749832,東京メトロ銀座線,東京都
新橋,35.667434,139.758432,東京メトロ銀座線,東京都
京橋,35.676856,139.770126,東京メトロ銀座線,東京都
三越前,35.687101,139.773594,東京メトロ銀座線,東京都
神田,35.693587,139.770899,東京メトロ銀座線,東京都
末広町,35.702972,139.771713,東京メトロ銀座線,東京都
上野広小路,35.70768,139.772877,東京メトロ銀座線,東京都
稲荷町,35.711273,139.782593,東京メトロ銀座線,東京都
田原町,35.709897,139.790897,東京メトロ銀座線,東京都
浅草,35.710733,139.797592,東京メトロ銀座線,東京都
池袋,35.731464,139.708291,東京メトロ副都心線,東京都
雑司が谷,35.720233,139.714795,東京メトロ副都心線,東京都
西早稲田,35.708242,139.709101,東京メトロ副都心線,東京都
東新宿,35.698915,139.707593,東京メトロ副都心線,東京都
新宿三丁目,35.690853,139.704828,東京メトロ副都心線,東京都
北参道,35.678459,139.705453,東京メトロ副都心線,東京都
明治神宮前〈原宿〉,35.668497,139.705367,東京メトロ副都心線,東京都
渋谷,35.659545,139.702417,東京メトロ副都心線,東京都
モノレール浜松町,35.655666,139.756747,東京モノレール羽田線,東京都
天王洲アイル,35.622908,139.750675,東京モノレール羽田線,東京都
大井競馬場前,35.595006,139.74708,東京モノレール羽田線,東京都
流通センター,35.58186,139.748964,東京モノレール羽田線,東京都
昭和島,35.570656,139.749918,東京モノレール羽田線,東京都
整備場,35.555125,139.753366,東京モノレール羽田線,東京都
羽田空港第3ターミナル,35.544169,139.768206,東京モノレール羽田線,東京都
新整備場,35.542773,139.786777,東京モノレール羽田線,東京都
羽田空港第1ターミナル,35.549163,139.784653,東京モノレール羽田線,東京都
羽田空港第2ターミナル,35.550734,139.787979,東京モノレール羽田線,東京都
新白河,37.12331,140.188969,東北新幹線,福島県
郡山,37.398187,140.389363,東北新幹線,福島県
福島,37.754123,140.45968,東北新幹線,福島県
白石蔵王,37.995052,140.632881,東北新幹線,宮城県
仙台,38.260027,140.882158,東北新幹線,宮城県
古川,38.571192,140.967876,東北新幹線,宮城県
くりこま高原,38.749024,141.071756,東北新幹線,宮城県
一ノ関,38.926514,141.138177,東北新幹線,岩手県
水沢江刺,39.14526,141.188748,東北新幹線,岩手県
北上,39.281196,141.121221,東北新幹線,岩手県
新花巻,39.405839,141.17302,東北新幹線,岩手県
盛岡,39.701547,141.136599,東北新幹線,岩手県
いわて沼宮内,39.960155,141.216955,東北新幹線,岩手県
二戸,40.25997,141.286211,東北新幹線,岩手県
八戸,40.509485,141.431067,東北新幹線,青森県
七戸十和田,40.719954,141.153817,東北新幹線,青森県
新青森,40.8275,140.693472,東北新幹線,青森県
三軒茶屋,35.643716,139.670156,東急世田谷線,東京都
西太子堂,35.644545,139.666382,東急世田谷線,東京都
若林,35.645933,139.659911,東急世田谷線,東京都
松陰神社前,35.643947,139.655211,東急世田谷線,東京都
世田谷,35.643564,139.650945,東急世田谷線,東京都
上町,35.643656,139.646276,東急世田谷線,東京都
宮の坂,35.647508,139.64494,東急世田谷線,東京都
山下,35.653844,139.646509,東急世田谷線,東京都
松原,35.660048,139.642,東急世田谷線,東京都
多摩川,35.589591,139.668723,東急多摩川線,東京都
沼部,35.582526,139.67326,東急多摩川線,東京都
鵜の木,35.575452,139.680554,東急多摩川線,東京都
下丸子,35.571397,139.685576,東急多摩川線,東京都
武蔵新田,35.567806,139.692506,東急多摩川線,東京都
矢口渡,35.562462,139.700389,東急多摩川線,東京都
蒲田,35.561767,139.714626,東急多摩川線,東京都
下神明,35.608704,139.726256,東急大井町線,東京都
戸越公園,35.608856,139.718159,東急大井町線,東京都
中延,35.60571,139.712526,東急大井町線,東京都
荏原町,35.60382,139.707571,東急大井町線,東京都
旗の台,35.604923,139.702286,東急大井町線,東京都
北千束,35.606311,139.693303,東急大井町線,東京都
大岡山,35.607456,139.685909,東急大井町線,東京都
緑が丘,35.60638,139.679482,東急大井町線,東京都
自由が丘,35.607224,139.668664,東急大井町線,東京都
九品仏,35.60538,139.660992,東急大井町線,東京都
尾山台,35.606971,139.653862,東急大井町線,東京都
等々力,35.608369,139.647938,東急大井町線,東京都
上野毛,35.611957,139.638917,東急大井町線,東京都
二子玉川,35.611788,139.626685,東急大井町線,東京都
代官山,35.648193,139.703284,東急東横線,東京都
祐天寺,35.637163,139.690758,東急東横線,東京都
学芸大学,35.628786,139.68522,東急東横線,東京都
都立大学,35.617835,139.676393,東急東横線,東京都
田園調布,35.596815,139.667356,東急東横線,東京都
新丸子,35.58049,139.661964,東急東横線,神奈川県
武蔵小杉,35.575752,139.659652,東急東横線,神奈川県
元住吉,35.565698,139.654668,東急東横線,神奈川県
日吉,35.5539,139.646944,東急東横線,神奈川県
綱島,35.536906,139.63491,東急東横線,神奈川県
大倉山,35.52243,139.629808,東急東横線,神奈川県
菊名,35.509854,139.63137,東急東横線,神奈川県
妙蓮寺,35.498779,139.633194,東急東横線,神奈川県
白楽,35.489555,139.627875,東急東横線,神奈川県
東白楽,35.483523,139.629364,東急東横線,神奈川県
反町,35.47474,139.625337,東急東横線,神奈川県
横浜,35.466372,139.622299,東急東横線,神奈川県
五反田,35.625262,139.724175,東急池上線,東京都
大崎広小路,35.622244,139.722339,東急池上線,東京都
戸越銀座,35.615928,139.714862,東急池上線,東京都
荏原中延,35.610056,139.712196,東急池上線,東京都
長原,35.60219,139.697881,東急池上線,東京都
洗足池,35.599648,139.690896,東急池上線,東京都
石川台,35.596888,139.685063,東急池上線,東京都
雪が谷大塚,35.592038,139.681083,東急池上線,東京都
御嶽山,35.585236,139.682473,東急池上線,東京都
久が原,35.579499,139.685678,東急池上線,東京都
千鳥町,35.572983,139.69142,東急池上線,東京都
池上,35.572025,139.702822,東急池上線,東京都
蓮沼,35.564173,139.708544,東急池上線,東京都
渋谷,35.65802,139.702148,東急田園都市線,東京都
池尻大橋,35.650603,139.684319,東急田園都市線,東京都
駒沢大学,35.633471,139.661702,東急田園都市線,東京都
桜新町,35.631666,139.644779,東急田園都市線,東京都
用賀,35.626436,139.633928,東急田園都市線,東京都
二子新地,35.606994,139.622338,東急田園都市線,神奈川県
高津,35.603248,139.616934,東急田園都市線,神奈川県
溝の口,35.59984,139.610487,東急田園都市線,神奈川県
梶が谷,35.593963,139.605885,東急田園都市線,神奈川県
宮崎台,35.587228,139.591313,東急田園都市線,神奈川県
宮前平,35.584951,139.581983,東急田園都市線,神奈川県
鷺沼,35.579762,139.573268,東急田園都市線,神奈川県
たまプラーザ,35.577427,139.558447,東急田園都市線,神奈川県
あざみ野,35.568645,139.553462,東急田園都市線,神奈川県
江田,35.558671,139.551518,東急田園都市線,神奈川県
市が尾,35.551483,139.541496,東急田園都市線,神奈川県
藤が丘,35.543454,139.527655,東急田園都市線,神奈川県
青葉台,35.542855,139.517376,東急田園都市線,神奈川県
田奈,35.536204,139.504855,東急田園都市線,神奈川県
長津田,35.53196,139.493548,東急田園都市線,神奈川県
つくし野,35.527559,139.485139,東急田園都市線,東京都
すずかけ台,35.517094,139.481684,東急田園都市線,東京都
南町田グランベリーパーク,35.511502,139.470318,東急田園都市線,東京都
つきみ野,35.510546,139.458651,東急田園都市線,神奈川県
中央林間,35.507671,139.444935,東急田園都市線,神奈川県
不動前,35.626526,139.71469,東急目黒線,東京都
武蔵小山,35.620538,139.704524,東急目黒線,東京都
西小山,35.615455,139.698694,東急目黒線,東京都
洗足,35.61043,139.694367,東急目黒線,東京都
奥沢,35.603947,139.672355,東急目黒線,東京都
亀戸,35.697708,139.826791,東武亀戸線,東京都
亀戸水神,35.699976,139.833422,東武亀戸線,東京都
東あずま,35.707067,139.831883,東武亀戸線,東京都
小村井,35.710316,139.827595,東武亀戸線,東京都
曳舟,35.718418,139.816634,東武亀戸線,東京都
浅草,35.711883,139.798214,東武伊勢崎線,東京都
とうきょうスカイツリー,35.71043,139.809332,東武伊勢崎線,東京都
東向島,35.724324,139.819306,東武伊勢崎線,東京都
鐘ヶ淵,35.733712,139.820344,東武伊勢崎線,東京都
堀切,35.742977,139.817727,東武伊勢崎線,東京都
牛田,35.744555,139.811816,東武伊勢崎線,東京都
北千住,35.749891,139.805564,東武伊勢崎線,東京都
小菅,35.759039,139.812935,東武伊勢崎線,東京都
五反野,35.765852,139.809643,東武伊勢崎線,東京都
梅島,35.772437,139.797916,東武伊勢崎線,東京都
西新井,35.777323,139.790372,東武伊勢崎線,東京都
竹ノ塚,35.794368,139.790788,東武伊勢崎線,東京都
谷塚,35.814926,139.801483,東武伊勢崎線,埼玉県
草加,35.828476,139.803397,東武伊勢崎線,埼玉県
獨協大学前,35.84333,139.800622,東武伊勢崎線,埼玉県
新田,35.854086,139.795391,東武伊勢崎線,埼玉県
蒲生,35.866851,139.791686,東武伊勢崎線,埼玉県
新越谷,35.875186,139.789905,東武伊勢崎線,埼玉県
越谷,35.887529,139.786213,東武伊勢崎線,埼玉県
北越谷,35.901724,139.780008,東武伊勢崎線,埼玉県
大袋,35.92437,139.777868,東武伊勢崎線,埼玉県
せんげん台,35.935832,139.774478,東武伊勢崎線,埼玉県
武里,35.949102,139.770675,東武伊勢崎線,埼玉県
一ノ割,35.96412,139.766219,東武伊勢崎線,埼玉県
春日部,35.980095,139.752345,東武伊勢崎線,埼玉県
北春日部,35.990655,139.744012,東武伊勢崎線,埼玉県
姫宮,36.004384,139.738674,東武伊勢崎線,埼玉県
東武動物公園,36.024604,139.726901,東武伊勢崎線,埼玉県
和戸,36.039562,139.701156,東武伊勢崎線,埼玉県
鷲宮,36.09626,139.656945,東武伊勢崎線,埼玉県
花崎,36.109891,139.633522,東武伊勢崎線,埼玉県
加須,36.122992,139.595584,東武伊勢崎線,埼玉県
南羽生,36.14959,139.55696,東武伊勢崎線,埼玉県
羽生,36.170345,139.533949,東武伊勢崎線,埼玉県
川俣,36.208778,139.52652,東武伊勢崎線,群馬県
茂林寺前,36.226331,139.527058,東武伊勢崎線,群馬県
館林,36.246606,139.527811,東武伊勢崎線,群馬県
多々良,36.273732,139.500179,東武伊勢崎線,群馬県
県,36.290615,139.472336,東武伊勢崎線,栃木県
福居,36.305208,139.458634,東武伊勢崎線,栃木県
東武和泉,36.315595,139.45509,東武伊勢崎線,栃木県
足利市,36.32948,139.448113,東武伊勢崎線,栃木県
野州山辺,36.32633,139.431981,東武伊勢崎線,栃木県
韮川,36.307913,139.401704,東武伊勢崎線,群馬県
太田,36.294228,139.378779,東武伊勢崎線,群馬県
細谷,36.282523,139.348509,東武伊勢崎線,群馬県
木崎,36.271393,139.312988,東武伊勢崎線,群馬県
世良田,36.272931,139.282038,東武伊勢崎線,群馬県
境町,36.277191,139.256177,東武伊勢崎線,群馬県
剛志,36.295428,139.223792,東武伊勢崎線,群馬県
新伊勢崎,36.318052,139.201816,東武伊勢崎線,群馬県
伊勢崎,36.326622,139.194559,東武伊勢崎線,群馬県
大師前,35.778989,139.781647,東武大師線,東京都
池袋,35.730924,139.710678,東武東上本線,東京都
北池袋,35.741283,139.716749,東武東上本線,東京都
下板橋,35.745721,139.714785,東武東上本線,東京都
大山,35.748398,139.702589,東武東上本線,東京都
中板橋,35.756214,139.694628,東武東上本線,東京都
ときわ台,35.758771,139.689015,東武東上本線,東京都
上板橋,35.763596,139.67641,東武東上本線,東京都
東武練馬,35.768698,139.661964,東武東上本線,東京都
下赤塚,35.770558,139.644482,東武東上本線,東京都
成増,35.777723,139.632708,東武東上本線,東京都
朝霞,35.796736,139.600321,東武東上本線,埼玉県
朝霞台,35.814328,139.587189,東武東上本線,埼玉県
志木,35.822105,139.575367,東武東上本線,埼玉県
柳瀬川,35.830723,139.562071,東武東上本線,埼玉県
みずほ台,35.838233,139.55078,東武東上本線,埼玉県
鶴瀬,35.845776,139.539347,東武東上本線,埼玉県
ふじみ野,35.860735,139.523389,東武東上本線,埼玉県
上福岡,35.873855,139.511782,東武東上本線,埼玉県
新河岸,35.890911,139.497257,東武東上本線,埼玉県
川越,35.906742,139.483078,東武東上本線,埼玉県
川越市,35.914146,139.476989,東武東上本線,埼玉県
霞ヶ関,35.925635,139.442897,東武東上本線,埼玉県
鶴ヶ島,35.936771,139.423825,東武東上本線,埼玉県
若葉,35.948919,139.408782,東武東上本線,埼玉県
坂戸,35.957181,139.394032,東武東上本線,埼玉県
北坂戸,35.972098,139.396932,東武東上本線,埼玉県
高坂,36.002572,139.397747,東武東上本線,埼玉県
東松山,36.034608,139.401651,東武東上本線,埼玉県
森林公園,36.045239,139.374947,東武東上本線,埼玉県
つきのわ,36.04352,139.345541,東武東上本線,埼玉県
武蔵嵐山,36.044001,139.32829,東武東上本線,埼玉県
東武竹沢,36.0754,139.237591,東武東上本線,埼玉県
みなみ寄居,36.091649,139.236463,東武東上本線,埼玉県
男衾,36.107415,139.234442,東武東上本線,埼玉県
鉢形,36.11378,139.208649,東武東上本線,埼玉県
玉淀,36.117071,139.200052,東武東上本線,埼玉県
寄居,36.117597,139.194508,東武東上本線,埼玉県
新富士,35.142185,138.663637,東海道新幹線,静岡県
岐阜羽島,35.316023,136.68537,東海道新幹線,岐阜県
京都,34.985465,135.757748,東海道新幹線,京都府
新大阪,34.734136,135.501852,東海道新幹線,大阪府
恋ヶ窪,35.711385,139.463944,西武国分寺線,東京都
鷹の台,35.723097,139.461155,西武国分寺線,東京都
小川,35.737573,139.463493,西武国分寺線,東京都
東村山,35.76006,139.465839,西武国分寺線,東京都
新小金井,35.695908,139.526603,西武多摩川線,東京都
多磨,35.676821,139.51713,西武多摩川線,東京都
白糸台,35.666517,139.509862,西武多摩川線,東京都
競艇場前,35.656232,139.499721,西武多摩川線,東京都
是政,35.656242,139.488592,西武多摩川線,東京都
国分寺,35.700836,139.479547,西武多摩湖線,東京都
一橋学園,35.72217,139.480039,西武多摩湖線,東京都
青梅街道,35.73098,139.476628,西武多摩湖線,東京都
萩山,35.740759,139.476903,西武多摩湖線,東京都
八坂,35.744925,139.467676,西武多摩湖線,東京都
武蔵大和,35.756427,139.444008,西武多摩湖線,東京都
多摩湖,35.765881,139.442747,西武多摩湖線,東京都
西武園ゆうえんち,35.769042,139.440166,西武山口線,埼玉県
西武球場前,35.77093,139.41966,西武山口線,埼玉県
小平,35.736963,139.488491,西武拝島線,東京都
東大和市,35.732829,139.434249,西武拝島線,東京都
玉川上水,35.731751,139.418435,西武拝島線,東京都
武蔵砂川,35.728876,139.392319,西武拝島線,東京都
西武立川,35.7262,139.370124,西武拝島線,東京都
西武新宿,35.696254,139.7,西武新宿線,東京都
下落合,35.715846,139.695391,西武新宿線,東京都
中井,35.715106,139.686967,西武新宿線,東京都
新井薬師前,35.715778,139.672582,西武新宿線,東京都
沼袋,35.719458,139.663841,西武新宿線,東京都
野方,35.719658,139.652733,西武新宿線,東京都
都立家政,35.722313,139.644839,西武新宿線,東京都
鷺ノ宮,35.722605,139.63892,西武新宿線,東京都
下井草,35.723852,139.624688,西武新宿線,東京都
井荻,35.72469,139.615303,西武新宿線,東京都
上井草,35.725326,139.602937,西武新宿線,東京都
上石神井,35.726189,139.592266,西武新宿線,東京都
武蔵関,35.7276,139.576417,西武新宿線,東京都
東伏見,35.728761,139.563529,西武新宿線,東京都
西武柳沢,35.728621,139.552477,西武新宿線,東京都
田無,35.727307,139.539259,西武新宿線,東京都
花小金井,35.726129,139.513228,西武新宿線,東京都
久米川,35.749575,139.472653,西武新宿線,東京都
所沢,35.786627,139.473324,西武新宿線,埼玉県
航空公園,35.798272,139.465641,西武新宿線,埼玉県
新所沢,35.805854,139.457069,西武新宿線,埼玉県
入曽,35.832481,139.427304,西武新宿線,埼玉県
狭山市,35.856936,139.413015,西武新宿線,埼玉県
新狭山,35.873993,139.433499,西武新宿線,埼玉県
南大塚,35.889663,139.454189,西武新宿線,埼玉県
本川越,35.913524,139.481125,西武新宿線,埼玉県
練馬,35.737893,139.654368,西武有楽町線,東京都
新桜台,35.74077,139.6683,西武有楽町線,東京都
池袋,35.72913,139.711461,西武池袋線,東京都
椎名町,35.726572,139.694363,西武池袋線,東京都
東長崎,35.73003,139.683294,西武池袋線,東京都
江古田,35.737557,139.672814,西武池袋線,東京都
桜台,35.738797,139.662602,西武池袋線,東京都
中村橋,35.736767,139.637456,西武池袋線,東京都
富士見台,35.735867,139.62969,西武池袋線,東京都
練馬高野台,35.740622,139.616749,西武池袋線,東京都
石神井公園,35.743563,139.606981,西武池袋線,東京都
大泉学園,35.749406,139.586732,西武池袋線,東京都
保谷,35.748222,139.567753,西武池袋線,東京都
ひばりヶ丘,35.751485,139.545852,西武池袋線,東京都
東久留米,35.760445,139.533739,西武池袋線,東京都
清瀬,35.772221,139.519917,西武池袋線,東京都
秋津,35.778614,139.496539,西武池袋線,東京都
西所沢,35.789303,139.455959,西武池袋線,埼玉県
小手指,35.800535,139.438016,西武池袋線,埼玉県
狭山ヶ丘,35.810445,139.416975,西武池袋線,埼玉県
武蔵藤沢,35.820963,139.412736,西武池袋線,埼玉県
稲荷山公園,35.845112,139.39842,西武池袋線,埼玉県
入間市,35.842904,139.390294,西武池袋線,埼玉県
仏子,35.83769,139.360115,西武池袋線,埼玉県
元加治,35.84058,139.345316,西武池袋線,埼玉県
飯能,35.851189,139.318824,西武池袋線,埼玉県
高麗,35.881982,139.304414,西武池袋線,埼玉県
武蔵横手,35.885256,139.280667,西武池袋線,埼玉県
東吾野,35.892439,139.260281,西武池袋線,埼玉県
吾野,35.908502,139.226787,西武池袋線,埼玉県
西武園,35.767684,139.448904,西武西武園線,東京都
豊島園,35.742054,139.647979,西武豊島線,東京都
三田,35.64818,139.748775,都営三田線,東京都
芝公園,35.654074,139.749824,都営三田線,東京都
御成門,35.661215,139.751535,都営三田線,東京都
内幸町,35.66975,139.75561,都営三田線,東京都
日比谷,35.676036,139.759998,都営三田線,東京都
大手町,35.684856,139.762959,都営三田線,東京都
神保町,35.695492,139.75812,都営三田線,東京都
水道橋,35.703398,139.75516,都営三田線,東京都
春日,35.709598,139.75325,都営三田線,東京都
白山,35.721408,139.752136,都営三田線,東京都
千石,35.727957,139.744792,都営三田線,東京都
巣鴨,35.733502,139.738519,都営三田線,東京都
西巣鴨,35.743508,139.728712,都営三田線,東京都
新板橋,35.748785,139.720101,都営三田線,東京都
板橋区役所前,35.751284,139.710102,都営三田線,東京都
板橋本町,35.761339,139.705535,都営三田線,東京都
本蓮沼,35.768782,139.702324,都営三田線,東京都
志村坂上,35.775725,139.69538,都営三田線,東京都
志村三丁目,35.777391,139.685937,都営三田線,東京都
蓮根,35.784335,139.678993,都営三田線,東京都
西台,35.78699,139.673971,都営三田線,東京都
高島平,35.789056,139.661216,都営三田線,東京都
新高島平,35.790189,139.654275,都営三田線,東京都
西高島平,35.791833,139.64594,都営三田線,東京都
新宿西口,35.693315,139.699155,都営大江戸線,東京都
東新宿,35.69792,139.707549,都営大江戸線,東京都
若松河田,35.699218,139.718184,都営大江戸線,東京都
牛込柳町,35.699518,139.725027,都営大江戸線,東京都
牛込神楽坂,35.700851,139.735802,都営大江戸線,東京都
飯田橋,35.702927,139.744999,都営大江戸線,東京都
本郷三丁目,35.707462,139.760095,都営大江戸線,東京都
上野御徒町,35.707893,139.774332,都営大江戸線,東京都
蔵前,35.703236,139.790931,都営大江戸線,東京都
両国,35.696881,139.797421,都営大江戸線,東京都
森下,35.68796,139.797042,都営大江戸線,東京都
勝どき,35.658507,139.776442,都営大江戸線,東京都
築地市場,35.664895,139.766915,都営大江戸線,東京都
汐留,35.663703,139.760642,都営大江戸線,東京都
大門,35.656785,139.75466,都営大江戸線,東京都
赤羽橋,35.655007,139.743642,都営大江戸線,東京都
麻布十番,35.656503,139.736116,都営大江戸線,東京都
六本木,35.663921,139.731567,都営大江戸線,東京都
青山一丁目,35.672929,139.72396,都営大江戸線,東京都
国立競技場,35.679831,139.714932,都営大江戸線,東京都
代々木,35.683218,139.701666,都営大江戸線,東京都
新宿,35.68869,139.698812,都営大江戸線,東京都
都庁前,35.690551,139.69257,都営大江戸線,東京都
西新宿五丁目,35.689798,139.684304,都営大江戸線,東京都
中野坂上,35.69709,139.682279,都営大江戸線,東京都
東中野,35.706891,139.682987,都営大江戸線,東京都
中井,35.714035,139.686356,都営大江戸線,東京都
落合南長崎,35.723608,139.683303,都営大江戸線,東京都
新江古田,35.732538,139.670653,都営大江戸線,東京都
練馬,35.737404,139.65477,都営大江戸線,東京都
豊島園,35.742067,139.64911,都営大江戸線,東京都
練馬春日町,35.751452,139.640236,都営大江戸線,東京都
光が丘,35.758526,139.628603,都営大江戸線,東京都
新宿三丁目,35.690616,139.706271,都営新宿線,東京都
曙橋,35.692402,139.722881,都営新宿線,東京都
小川町,35.695487,139.767551,都営新宿線,東京都
岩本町,35.695534,139.775866,都営新宿線,東京都
馬喰横山,35.69212,139.782768,都営新宿線,東京都
浜町,35.688516,139.788154,都営新宿線,東京都
菊川,35.688379,139.806016,都営新宿線,東京都
西大島,35.689349,139.826206,都営新宿線,東京都
大島,35.689905,139.83565,都営新宿線,東京都
東大島,35.690355,139.845963,都営新宿線,東京都
船堀,35.683795,139.864258,都営新宿線,東京都
一之江,35.686055,139.882934,都営新宿線,東京都
瑞江,35.693318,139.89761,都営新宿線,東京都
篠崎,35.706017,139.903698,都営新宿線,東京都
本八幡,35.722929,139.926628,都営新宿線,千葉県
西馬込,35.586859,139.705942,都営浅草線,東京都
馬込,35.596435,139.711772,都営浅草線,東京都
中延,35.605769,139.713736,都営浅草線,東京都
戸越,35.614633,139.716495,都営浅草線,東京都
五反田,35.627102,139.724175,都営浅草線,東京都
高輪台,35.631679,139.730305,都営浅草線,東京都
新橋,35.665577,139.759451,都営浅草線,東京都
宝町,35.675461,139.771767,都営浅草線,東京都
日本橋,35.681688,139.775721,都営浅草線,東京都
東日本橋,35.692126,139.784821,都営浅草線,東京都
浅草橋,35.697451,139.786305,都営浅草線,東京都
浅草,35.709461,139.79697,都営浅草線,東京都
本所吾妻橋,35.70858,139.804624,都営浅草線,東京都
三ノ輪橋,35.732248,139.791412,都電荒川線,東京都
荒川一中前,35.733659,139.788988,都電荒川線,東京都
荒川区役所前,35.73493,139.786456,都電荒川線,東京都
荒川二丁目,35.738623,139.784696,都電荒川線,東京都
荒川七丁目,35.741975,139.78417,都電荒川線,東京都
町屋駅前,35.74275,139.781145,都電荒川線,東京都
町屋二丁目,35.743837,139.776625,都電荒川線,東京都
東尾久三丁目,35.745398,139.774386,都電荒川線,東京都
熊野前,35.749212,139.769204,都電荒川線,東京都
宮ノ前,35.750135,139.764955,都電荒川線,東京都
小台,35.750579,139.761779,都電荒川線,東京都
荒川遊園地前,35.750744,139.757767,都電荒川線,東京都
荒川車庫前,35.750909,139.752617,都電荒川線,東京都
梶原,35.751162,139.747403,都電荒川線,東京都
栄町,35.750909,139.742124,都電荒川線,東京都
王子駅前,35.753199,139.737661,都電荒川線,東京都
飛鳥山,35.750248,139.737382,都電荒川線,東京都
滝野川一丁目,35.747374,139.735376,都電荒川線,東京都
西ヶ原四丁目,35.744501,139.732779,都電荒川線,東京都
新庚申塚,35.741348,139.730451,都電荒川線,東京都
庚申塚,35.739563,139.729743,都電荒川線,東京都
巣鴨新田,35.735488,139.727769,都電荒川線,東京都
大塚駅前,35.732082,139.729593,都電荒川線,東京都
向原,35.728938,139.724894,都電荒川線,東京都
東池袋四丁目,35.72528,139.720012,都電荒川線,東京都
都電雑司ヶ谷,35.724261,139.718006,都電荒川線,東京都
鬼子母神前,35.720403,139.714916,都電荒川線,東京都
学習院下,35.716248,139.71247,都電荒川線,東京都
面影橋,35.712981,139.714444,都電荒川線,東京都
早稲田,35.711848,139.718928,都電荒川線,東京都
敦賀,35.644767,136.076488,北陸新幹線,福井県
越前たけふ,35.895695,136.198935,北陸新幹線,福井県
福井,36.062057,136.223516,北陸新幹線,福井県
芦原温泉,36.214542,136.235069,北陸新幹線,福井県
加賀温泉,36.320562,136.350337,北陸新幹線,石川県
小松,36.402545,136.452926,北陸新幹線,石川県
金沢,36.578117,136.648166,北陸新幹線,石川県
新高岡,36.727004,137.010459,北陸新幹線,富山県
富山,36.701384,137.213091,北陸新幹線,富山県
黒部宇奈月温泉,36.874232,137.481326,北陸新幹線,富山県
糸魚川,37.043631,137.861311,北陸新幹線,新潟県
上越妙高,37.081813,138.249476,北陸新幹線,新潟県
飯山,36.845183,138.358939,北陸新幹線,長野県
長野,36.643307,138.189101,北陸新幹線,長野県
上田,36.396579,138.249298,北陸新幹線,長野県
佐久平,36.277929,138.464367,北陸新幹線,長野県
軽井沢,36.342889,138.635096,北陸新幹線,長野県
安中榛名,36.362582,138.849312,北陸新幹線,群馬県
高尾山,35.63111,139.256026,高尾登山電鉄線,東京都
清滝,35.631083,139.266772,高尾登山電鉄線,東京都
赤土小学校前,35.742454,139.768989,日暮里・舎人ライナー,東京都
熊野前,35.748972,139.769695,日暮里・舎人ライナー,東京都
足立小台,35.754658,139.770381,日暮里・舎人ライナー,東京都
扇大橋,35.763897,139.770808,日暮里・舎人ライナー,東京都
高野,35.768359,139.770679,日暮里・舎人ライナー,東京都
江北,35.774021,139.770306,日暮里・舎人ライナー,東京都
西新井大師西,35.781505,139.770094,日暮里・舎人ライナー,東京都
谷在家,35.788774,139.770043,日暮里・舎人ライナー,東京都
舎人公園,35.79623,139.770183,日暮里・舎人ライナー,東京都
舎人,35.8057,139.770108,日暮里・舎人ライナー,東京都
見沼代親水公園,35.814544,139.770719,日暮里・舎人ライナー,東京都
羽沢横浜国大,35.481245,139.586167,相鉄・JR直通線,神奈川県
西谷,35.478092,139.565721,相鉄・JR直通線,神奈川県
鶴ヶ峰,35.475031,139.549586,相鉄・JR直通線,神奈川県
二俣川,35.463335,139.532207,相鉄・JR直通線,神奈川県
希望ヶ丘,35.460399,139.5143,相鉄・JR直通線,神奈川県
三ツ境,35.467779,139.502662,相鉄・JR直通線,神奈川県
瀬谷,35.470412,139.482574,相鉄・JR直通線,神奈川県
大和,35.469924,139.461383,相鉄・JR直通線,神奈川県
相模大塚,35.470666,139.441232,相鉄・JR直通線,神奈川県
さがみ野,35.471485,139.429055,相鉄・JR直通線,神奈川県
かしわ台,35.466744,139.415851,相鉄・JR直通線,神奈川県
海老名,35.453381,139.392074,相鉄・JR直通線,神奈川県
